{"features":{"8":"TotalWorkingYears","12":"YearsWithCurrManager","11":"YearsSinceLastPromotion","0":"Age","15":"EnvironmentSatisfaction","17":"WorkLifeBalance","16":"JobSatisfaction","5":"NumCompaniesWorked","35":"Research Director","9":"TrainingTimesLastYear","19":"Travel_Frequently","18":"Non-Travel","27":"Other","41":"Single","21":"Human Resources","34":"Manufacturing Director","28":"Technical Degree","25":"Marketing","36":"Research Scientist","2":"Education","14":"PerformanceRating","37":"Sales Executive","39":"Divorced","10":"YearsAtCompany","3":"JobLevel","32":"Laboratory Technician","26":"Medical","23":"Sales","24":"Life Sciences","13":"JobInvolvement","40":"Married","22":"Research & Development","33":"Manager","38":"Sales Representative","1":"DistanceFromHome","4":"MonthlyIncome","6":"PercentSalaryHike","7":"StockOptionLevel","30":"Male","29":"Female","31":"Healthcare Representative","20":"Travel_Rarely"},"weights":{"8":-2.311997028,"12":-2.3070317249,"11":1.8736863041,"0":-1.357444238,"15":-1.3035133573,"17":-1.222713197,"16":-1.072247284,"5":1.0453400951,"35":0.8643641609,"9":-0.8472559673,"19":0.7894149771,"18":-0.7432974354,"27":-0.6865079524,"41":0.6793275304,"21":0.5776773716,"34":-0.4275781895,"28":-0.4246475858,"25":-0.3744090944,"36":0.3727910992,"2":-0.3278745493,"14":0.3096232077,"37":0.2849235457,"39":-0.2693668083,"10":0.2550912988,"3":-0.2509476674,"32":0.2071289848,"26":-0.2043984258,"23":-0.1716672741,"24":-0.169737337,"13":-0.1455669989,"40":-0.1442743697,"22":-0.1403183447,"33":-0.1364955278,"38":0.102635686,"1":-0.0954823168,"4":-0.0877135516,"6":-0.0582139691,"7":-0.0502864833,"30":0.0244467869,"29":-0.0105108938,"31":-0.0077685859,"20":0.0},"abs_weights":{"8":2.311997028,"12":2.3070317249,"11":1.8736863041,"0":1.357444238,"15":1.3035133573,"17":1.222713197,"16":1.072247284,"5":1.0453400951,"35":0.8643641609,"9":0.8472559673,"19":0.7894149771,"18":0.7432974354,"27":0.6865079524,"41":0.6793275304,"21":0.5776773716,"34":0.4275781895,"28":0.4246475858,"25":0.3744090944,"36":0.3727910992,"2":0.3278745493,"14":0.3096232077,"37":0.2849235457,"39":0.2693668083,"10":0.2550912988,"3":0.2509476674,"32":0.2071289848,"26":0.2043984258,"23":0.1716672741,"24":0.169737337,"13":0.1455669989,"40":0.1442743697,"22":0.1403183447,"33":0.1364955278,"38":0.102635686,"1":0.0954823168,"4":0.0877135516,"6":0.0582139691,"7":0.0502864833,"30":0.0244467869,"29":0.0105108938,"31":0.0077685859,"20":0.0}}